ciclo,prob,target
1,1.0137151,0
2,0.15740967,0
3,0.037182633,0
4,0.12755996,0
5,0.034958206,0
6,0.01922792,0
7,0.0786807,0
8,0.079650484,0
9,0.0703398,0
10,0.05606808,0
11,0.04482372,0
12,0.06768032,0
13,0.13590643,0
14,0.034072466,0
15,0.41246656,0
16,0.061788697,0
17,0.01254541,0
18,0.024659043,0
19,0.12740636,0
20,0.033818133,0
21,0.024126247,0
22,0.18818016,0
23,0.1474614,0
24,0.07163477,0
25,0.073475175,0
26,0.029137062,0
27,0.095970035,0
28,0.13828218,0
29,0.12224197,0
30,0.04316706,0
31,0.12818585,0
32,0.43756235,0
33,0.119934164,0
34,0.13682728,0
35,0.037159916,0
36,0.017891927,0
37,0.048820604,0
38,0.03645353,0
39,0.034450043,0
40,0.11554803,0
41,0.019780796,0
42,0.16345552,0
43,0.053391065,0
44,0.033945546,0
45,0.043463714,0
46,0.009800935,0
47,0.030410174,0
48,0.091961846,0
49,0.056138996,0
50,0.027651543,0
51,0.0598058,0
52,0.11266781,0
53,0.13888282,0
54,0.018124934,0
55,0.023754807,0
56,0.09179714,0
57,0.07190596,0
58,0.07215548,0
59,0.15562116,0
60,0.077899374,0
61,0.09435253,0
62,0.04215273,0
63,0.06095376,0
64,0.059765514,0
65,0.07028459,0
66,0.15237147,0
67,0.24233517,0
68,0.15169182,0
69,0.14217605,0
70,0.2856117,0
71,0.21172734,0
72,0.25053585,0
73,0.057692785,0
74,0.23724706,0
75,0.07867301,0
76,0.11310149,0
77,0.031527065,0
78,0.1021732,0
79,0.08185149,0
80,0.021161845,0
81,0.17130612,0
82,0.052198343,0
83,0.04485618,0
84,0.03659047,0
85,0.08743348,0
86,0.031847134,0
87,0.053647958,0
88,0.026519768,0
89,0.25400454,0
90,0.09605209,0
91,0.034125954,0
92,0.2745518,0
93,0.11362394,0
94,0.13999543,0
95,0.23742194,0
96,0.31784475,0
97,0.43239486,0
98,2.5624456,0
99,0.40069827,0
100,0.08109061,0
101,0.3404712,0
102,0.22285742,0
103,0.105148464,0
104,0.28640875,0
105,1.1820414,0
106,0.053478178,0
107,1.5372636,0
108,0.2627607,0
109,0.86568874,0
110,0.21418384,0
111,0.3106658,0
112,0.8829088,0
113,1.7580721,0
114,1.0634981,0
115,1.0556983,0
116,0.62183803,0
117,0.49204975,0
118,1.0851448,0
119,1.6880369,0
120,0.14105983,0
121,0.22551343,0
122,0.44598207,0
123,0.56098735,0
124,1.0999727,0
125,0.54035574,0
126,0.722892,0
127,1.4643846,0
128,0.57269627,0
129,0.4047791,0
130,0.36173588,0
131,0.18249047,0
132,0.09410407,0
133,0.21638319,0
134,0.6909532,0
135,0.38449174,0
136,1.7803848,0
137,1.2169425,0
138,0.50213903,0
139,1.8960387,0
140,1.3949925,0
141,1.2187719,0
142,1.4611689,0
143,0.4328336,0
144,3.937806,0
145,0.97585833,0
146,3.7207677,0
147,0.8507099,0
148,0.45368314,0
149,1.1787838,0
150,7.039809,0
151,7.4609733,0
152,27.733088,0
153,11.522901,0
154,13.48652,0
155,7.602142,0
156,7.5881615,0
157,7.4140997,0
158,10.794843,0
159,15.584443,0
160,2.7272582,0
161,3.2192867,0
162,0.30074465,0
163,2.6502068,0
164,1.027442,0
165,1.1648118,0
166,1.2641436,0
167,3.9328034,0
168,8.695466,0
169,3.4148164,0
170,9.185454,0
171,12.906055,0
172,6.178388,0
173,4.3454547,0
174,3.1286955,0
175,30.230171,0
176,21.686975,0
177,30.465162,0
178,10.971378,0
179,11.0781,0
180,13.214021,0
181,37.867893,0
182,22.337013,0
183,4.008777,0
184,11.865921,0
185,16.729652,0
186,32.38239,0
187,23.849712,0
188,17.58189,0
189,3.1131654,0
190,15.198624,0
191,4.385726,0
192,5.6742053,0
193,17.790287,0
194,4.150164,0
195,14.757191,0
196,16.97465,0
197,30.684658,0
198,27.258587,0
199,25.73241,0
200,24.443384,0
201,41.79787,0
202,65.402695,0
203,12.024605,0
204,20.214394,0
205,42.14338,0
206,27.73882,0
207,46.274826,0
208,48.745094,0
209,16.41255,0
210,27.744856,0
211,28.911963,0
212,27.02445,0
213,31.383074,0
214,31.638565,0
215,26.175335,0
216,33.66307,0
217,18.844364,0
218,11.255037,0
219,36.758,0
220,38.264732,0
221,45.250095,0
222,36.7782,0
223,30.122345,0
224,43.414677,0
225,41.1165,0
226,73.86978,0
227,37.048767,0
228,15.541469,0
229,28.64878,0
230,20.581112,0
231,8.949132,0
232,20.779802,0
233,29.755692,0
234,75.09167,0
235,80.22431,0
236,35.468338,0
237,51.472378,0
238,98.45904,1
239,95.24031,1
240,91.46766,1
241,99.28988,1
242,98.291664,1
243,99.94652,1
244,99.88341,1
245,99.95958,1
246,99.95996,1
247,99.96355,1
248,99.884605,1
249,99.98953,1
250,99.992165,1
251,99.9694,1
252,99.984764,1
253,99.99498,1
254,99.98497,1
255,99.98879,1
256,99.98752,1
257,99.99786,1
258,99.99242,1
259,99.998245,1
260,99.99933,1
261,99.99944,1
262,99.99947,1
263,99.99936,1
264,99.99898,1
265,99.99928,1
266,99.99932,1
267,99.99966,1
