deterioro_%,prob_%
0,16.709124
1,15.2265835
2,15.671611
3,16.663551
4,16.744047
5,24.16645
6,24.343668
7,37.310364
8,38.49157
9,44.29518
10,38.99733
11,47.852314
12,42.39015
13,29.313717
14,35.014183
15,63.923462
16,58.140553
17,68.15066
18,71.556595
19,78.63761
20,71.48126
21,55.720783
22,64.07197
23,60.392414
24,62.64254
25,66.55086
26,83.14261
27,84.05023
28,89.64497
29,91.00632
30,93.05516
31,97.00419
32,97.22848
33,98.38156
34,99.0569
35,99.40017
36,99.35833
37,99.41623
38,99.18507
39,99.54198
40,99.72938
41,99.80185
42,99.878914
43,99.94108
44,99.92331
45,99.95418
46,99.96264
47,99.9889
48,99.98977
49,99.99112
50,99.99188
51,99.9943
52,99.99724
53,99.998
54,99.99809
55,99.99843
56,99.99846
57,99.998474
58,99.998474
59,99.99865
60,99.9987
61,99.99887
62,99.99901
63,99.99907
64,99.99901
65,99.99915
66,99.99919
67,99.99928
68,99.99928
69,99.99928
70,99.999275
71,99.99926
72,99.99926
73,99.99915
74,99.99906
75,99.99906
76,99.99913
77,99.99913
78,99.99926
79,99.99919
80,99.99922
81,99.99922
82,99.9993
83,99.9993
84,99.9993
85,99.99933
86,99.99945
87,99.99947
88,99.99947
89,99.99937
90,99.99938
91,99.99938
92,99.99938
93,99.99944
94,99.999405
95,99.99939
96,99.99936
97,99.99951
98,99.99956
99,99.99956
100,99.99956
